1,Marquardt-Kilback,1966 Dahle Trail,Bakersfield,California,501,661-217-7144,4,1/1/2025
2,"Larkin, Braun and Johnston",55 Doe Crossing Court,Charlotte,North Carolina,1001,704-346-4899,5,7/8/2024
3,"Sipes, Kuhic and Koch",7469 Pennsylvania Drive,San Diego,California,2043,858-248-9788,1,7/12/2024
4,"Mayer, Turner and Daniel",94 Sheridan Circle,Pompano Beach,Florida,3031,954-520-4900,5,4/18/2024
5,Haley Inc,667 Eastwood Junction,Fresno,California,4005,559-948-0140,0,7/16/2024
6,King-Gorczany,7473 Bluejay Street,Lexington,Kentucky,5001,859-290-1102,1,10/6/2024
7,Pacocha-Williamson,60581 Muir Circle,Morgantown,West Virginia,6010,304-103-9205,0,7/18/2024
8,Hayes Group,71088 Express Parkway,Gaithersburg,Maryland,7002,240-111-5049,2,12/9/2024
9,Hackett-Satterfield,428 Summer Ridge Terrace,Saint Cloud,Minnesota,8003,320-836-5768,3,7/29/2024
10,Wisozk-Renner,38 Mosinee Court,Kansas City,Kansas,9090,913-482-4333,2,11/19/2024
11,Blanda-Goodwin,853 American Trail,Waco,Texas,10001,254-395-4446,4,12/10/2024
12,Parker-Ziemann,6 Wayridge Point,San Luis Obispo,California,11001,805-445-6335,3,4/2/2024
13,Dietrich-Ryan,7 Gale Place,Baton Rouge,Louisiana,12010,225-935-2547,5,8/14/2024
14,Huel-Conn,384 Graceland Lane,Boston,Massachusetts,13021,978-449-8022,1,2/18/2024
15,"Koss, Konopelski and Blanda",46 Hoard Pass,Fairbanks,Alaska,14001,907-443-4470,5,3/25/2024
16,Veum and Sons,6639 Rusk Lane,Atlanta,Georgia,15001,404-344-4564,1,9/18/2024
17,Wisozk Group,2 Crest Line Circle,Oklahoma City,Oklahoma,16001,405-840-0240,0,10/18/2024
18,Satterfield-Cartwright,954 Kensington Park,Grand Rapids,Michigan,17001,616-650-2619,1,4/28/2024
19,Borer Inc,43635 Rigney Parkway,Washington,District of Columbia,18001,202-991-2844,2,1/3/2025
20,O'Keefe LLC,4 Mayfield Street,Washington,District of Columbia,19001,202-518-7513,1,10/2/2024
21,Gutkowski Group,3 Becker Terrace,Philadelphia,Pennsylvania,20001,215-572-7145,1,3/9/2024
22,Anderson Inc,3 Oakridge Hill,Akron,Ohio,21001,330-458-2578,4,1/24/2025
23,"Kulas, Gibson and O'Keefe",30012 Ramsey Court,Nashville,Tennessee,22003,615-902-1813,1,6/5/2024
24,"Wolf, Upton and Spinka",6736 Bartelt Court,North Hollywood,California,23001,818-815-9746,2,3/29/2024
25,"Terry, Toy and Lang",89 Blackbird Circle,Tacoma,Washington,24001,253-552-3962,0,4/23/2024
26,Homenick Group,9630 Shopko Hill,Tucson,Arizona,25001,520-313-7473,3,8/11/2024
27,Fritsch LLC,0820 Morning Pass,Springfield,Missouri,26003,417-996-5171,3,5/13/2024
28,"Koelpin, Bogisich and Oberbrunner",971 Buell Plaza,Levittown,Pennsylvania,27006,267-397-8628,1,11/13/2024
29,Nikolaus-Goldner,785 Bay Center,Birmingham,Alabama,28001,205-111-3325,0,9/1/2024
30,Hirthe LLC,9 Ruskin Road,Inglewood,California,29001,310-765-7784,2,8/3/2024
31,"Watsica, Bergnaum and Shields",77965 Larry Center,Los Angeles,California,30002,213-479-6153,4,8/1/2024
32,Lakin-Mueller,501 Petterle Place,Minneapolis,Minnesota,31001,952-465-9134,5,11/13/2024
33,Jakubowski-Brekke,66495 Carioca Circle,Saint Paul,Minnesota,32003,651-197-5121,5,1/25/2025
34,Simonis-Lebsack,3300 Forest Run Alley,Metairie,Louisiana,33004,504-228-7729,0,8/15/2024
35,Barton Inc,51 Walton Place,Madison,Wisconsin,34001,608-608-6755,1,6/26/2024
36,Trantow-Wunsch,088 Blaine Junction,Toledo,Ohio,35004,419-528-9017,0,2/5/2024
37,Stoltenberg-Ritchie,267 Kim Lane,Sacramento,California,36003,916-466-9709,2,8/6/2024
38,"Rohan, Cartwright and Grimes",5864 Nobel Pass,Brea,California,37010,818-594-1526,3,7/9/2024
39,Feest-Erdman,64443 Oriole Parkway,Evansville,Indiana,38002,812-784-8543,5,5/22/2024
40,Sauer-MacGyver,47273 Thompson Pass,Toledo,Ohio,39001,419-557-8520,3,7/23/2024
41,"Gottlieb, Sawayn and Rice",87616 Brown Pass,Mesquite,Texas,40003,214-150-3470,5,12/10/2024
42,Bergstrom-Ebert,469 Chinook Parkway,Arlington,Texas,41001,713-424-2205,1,7/24/2024
43,Smitham LLC,18 Graceland Avenue,Syracuse,New York,42001,315-348-2845,3,6/15/2024
44,"Barton, Bins and Wintheiser",2 Schiller Way,San Antonio,Texas,43001,210-906-7070,5,3/8/2024
45,"Cassin, Wiegand and Bednar",3 Manley Road,Charleston,West Virginia,44001,304-298-5043,5,4/11/2024
46,Wilkinson LLC,747 Union Road,Atlanta,Georgia,45002,404-380-3440,2,4/2/2024
47,Gottlieb-Heaney,960 Moland Way,New Orleans,Louisiana,46001,504-420-6860,0,2/3/2025
48,Dickinson-Green,31 Mayfield Pass,Midland,Michigan,47001,989-967-6183,3,4/4/2024
49,"Jones, Cummings and Gerhold",1882 Ilene Circle,Roanoke,Virginia,48001,540-556-1698,1,7/3/2024
50,Jast-Lindgren,47139 Victoria Avenue,Providence,Rhode Island,49001,401-616-9780,1,4/14/2024
51,"Heaney, Kshlerin and Lebsack",09847 Erie Plaza,Seattle,Washington,50001,206-719-1413,5,2/23/2024
52,"DuBuque, Yundt and Schiller",16979 Myrtle Road,Washington,District of Columbia,51001,202-214-4315,5,2/10/2024
53,Sauer-Purdy,0157 Lukken Drive,Charlotte,North Carolina,52001,704-462-3051,1,9/8/2024
54,"Feeney, Schroeder and Hilll",166 Namekagon Crossing,San Antonio,Texas,53001,210-605-2373,0,7/1/2024
55,Berge-Hahn,99 Debra Junction,Sioux Falls,South Dakota,54001,605-752-4650,3,10/16/2024
56,Johnston-Welch,301 Morning Drive,Toledo,Ohio,55001,419-766-9681,2,11/10/2024
57,"Hermiston, Runolfsson and Bernier",90 Basil Hill,Indianapolis,Indiana,56001,317-348-7542,0,8/11/2024
58,"Maggio, Stroman and McGlynn",0 Kropf Circle,Birmingham,Alabama,57001,205-384-2325,4,5/2/2024
59,Schmitt-Legros,063 Michigan Crossing,Humble,Texas,58001,713-920-4385,5,4/7/2024
60,Hayes-Kessler,0 Mendota Point,Tacoma,Washington,59001,253-382-6420,4,11/13/2024
61,"Botsford, Mayert and Kunde",50863 Jay Drive,New York City,New York,60001,917-947-1633,0,9/6/2024
62,Jones Inc,94235 Glacier Hill Place,Anaheim,California,61001,714-487-2160,4,9/27/2024
63,"Waters, Heidenreich and Moore",292 Petterle Parkway,Bozeman,Montana,62001,406-609-4191,3,8/4/2024
64,Hegmann and Sons,3 Prentice Parkway,Charlotte,North Carolina,63001,704-216-1706,1,9/25/2024
65,Streich Inc,14 Texas Place,Lake Charles,Louisiana,64001,337-202-9674,3,12/23/2024
66,Upton-Macejkovic,26 Tony Drive,San Diego,California,65001,619-544-2964,5,9/21/2024
67,Nolan Group,4 Homewood Terrace,Amarillo,Texas,66002,806-109-4526,5,1/29/2025
68,Grady Inc,9 Bluestem Trail,Portland,Oregon,67002,971-666-1615,4,11/28/2024
69,Quigley-Yost,5 Susan Crossing,New Orleans,Louisiana,68001,504-489-4699,3,5/20/2024
70,"Kassulke, Grimes and Kuhic",7 Independence Parkway,London,Kentucky,69001,606-632-1409,0,5/30/2024
71,"Keebler, Jacobson and Bartell",5995 Gerald Street,Littleton,Colorado,70001,303-644-4171,2,12/21/2024
72,Homenick-Spinka,6 Daystar Crossing,San Antonio,Texas,71001,210-548-9700,1,9/13/2024
73,Greenholt-Maggio,42 Hooker Crossing,Beaumont,Texas,72001,409-491-4779,2,12/10/2024
74,Bogisich-Gottlieb,022 Bluejay Crossing,Corpus Christi,Texas,73001,361-299-0056,2,3/31/2024
75,Renner-Kuphal,77 Schlimgen Lane,Shreveport,Louisiana,74001,318-857-1706,4,12/4/2024
76,"Kessler, Tremblay and Hegmann",3581 Independence Hill,Denver,Colorado,75001,720-426-5814,5,7/11/2024
77,"Tremblay, Stanton and Rippin",48290 Burning Wood Junction,Worcester,Massachusetts,76001,508-222-9995,2,11/18/2024
78,"Kovacek, Wiza and Barrows",1 Monument Junction,Waterbury,Connecticut,77001,203-785-1569,1,6/12/2024
79,Borer Group,3 Fulton Way,Fort Myers,Florida,78001,239-451-5139,5,9/4/2024
80,Bartell-Lubowitz,95 Dawn Park,New Orleans,Louisiana,79001,504-509-0003,2,5/8/2024
81,Collier Group,05 Monument Drive,Newark,New Jersey,80001,201-933-3523,2,10/3/2024
82,Rice LLC,2 Pawling Place,Staten Island,New York,81001,718-287-5550,4,9/13/2024
83,"Hermiston, MacGyver and Lindgren",32799 Mayfield Street,Shawnee Mission,Kansas,82001,913-304-3142,4,8/28/2024
84,Bahringer Inc,993 Merrick Point,Nashville,Tennessee,83001,615-145-8412,1,8/30/2024
85,"Stehr, Beer and Stark",52833 Northwestern Lane,Birmingham,Alabama,84001,205-485-1575,1,8/18/2024
86,Block Group,8069 Havey Circle,Pensacola,Florida,85001,850-468-1086,4,10/23/2024
87,"Robel, Altenwerth and Larson",47 Mayfield Avenue,Denver,Colorado,86001,719-785-7541,1,5/16/2024
88,D'Amore LLC,2 Transport Circle,Arlington,Texas,87001,817-327-6424,1,8/23/2024
89,Bogisich-Mitchell,046 Hansons Trail,Atlanta,Georgia,88001,404-484-1521,0,1/13/2025
90,Maggio-Gleichner,985 Derek Plaza,Richmond,California,89001,510-996-2755,3,9/30/2024
91,Stamm-Watsica,2 Dayton Pass,Buffalo,New York,90001,716-989-0942,4,8/27/2024
92,Lakin-Ritchie,863 2nd Plaza,New Orleans,Louisiana,91001,504-856-9245,4,1/4/2025
93,Hegmann-Schmeler,8661 Hollow Ridge Circle,Carson City,Nevada,92001,775-201-6946,0,3/14/2024
94,Simonis and Sons,5872 Manley Terrace,San Francisco,California,93001,415-635-1921,0,7/17/2024
95,"Beatty, Bechtelar and Jacobs",656 Oriole Drive,North Las Vegas,Nevada,94001,702-523-1980,5,5/29/2024
96,Osinski Group,32 Lighthouse Bay Circle,Lexington,Kentucky,95001,859-991-1649,1,3/5/2024
97,"Balistreri, Nicolas and D'Amore",5383 High Crossing Hill,Evansville,Indiana,96001,812-900-1134,3,8/1/2024
98,Goyette and Sons,66 Sunbrook Street,Aurora,Colorado,97001,303-495-7291,2,10/27/2024
99,"Mueller, Greenfelder and Stehr",29 Grayhawk Park,Orange,California,98001,760-368-9750,2,6/17/2024
100,"Gutkowski, Quigley and Oberbrunner",3 Miller Hill,Moreno Valley,California,99001,951-225-4291,0,4/16/2024
101,Johnson-Kuhlman,9310 Buena Vista Avenue,Flint,Michigan,99950,810-117-2619,2,7/24/2024
102,Dach Inc,02 Caliangt Trail,Wichita,Kansas,544,316-416-6236,0,4/10/2024
103,Volkman-Stokes,9061 Mesta Lane,Albuquerque,New Mexico,1230,505-856-1893,1,4/16/2024
104,"Farrell, Hessel and Considine",70202 Russell Lane,Norwalk,Connecticut,2108,203-600-2738,5,5/20/2024
105,Auer Group,2 West Parkway,Chicago,Illinois,3244,312-841-3301,4,2/1/2025
106,Hauck-Beer,7408 Homewood Drive,Chicago,Illinois,4101,312-296-8237,4,6/21/2024
107,Christiansen and Sons,09 Clyde Gallagher Pass,Clearwater,Florida,5201,813-827-6545,1,11/4/2024
108,Rowe and Sons,49306 Moland Place,Anaheim,California,6390,714-598-2537,5,9/4/2024
109,"Lehner, Runte and Abbott",2184 Buena Vista Trail,Milwaukee,Wisconsin,7701,920-434-9740,1,6/26/2024
110,Schiller-Walker,42 Larry Trail,Eugene,Oregon,8807,541-702-0543,4,11/24/2024
111,Turcotte Group,70544 Dwight Place,Texarkana,Texas,10128,903-791-6243,5,7/5/2024
112,Feeney-Johnson,02544 Maple Wood Road,Fayetteville,North Carolina,11201,910-772-2680,3,7/7/2024
113,Schamberger-Trantow,6 Springs Trail,Peoria,Illinois,12534,309-201-0324,2,7/12/2024
114,"Monahan, Ankunding and Kerluke",270 Mariners Cove Pass,Fort Lauderdale,Florida,13601,754-858-5551,0,11/19/2024
115,Rosenbaum-Barton,1 Pearson Terrace,New York City,New York,14850,212-639-5294,0,9/12/2024
116,"Kemmer, Pollich and Upton",9849 Myrtle Trail,Laredo,Texas,15213,956-185-9121,3,7/25/2024
117,"Dibbert, Stehr and Hessel",31 Hudson Court,Detroit,Michigan,16501,313-475-9859,2,2/5/2024
118,Friesen LLC,46 Sugar Road,Milwaukee,Wisconsin,17101,414-748-1092,5,6/11/2024
119,"O'Reilly, Schaefer and Schamberger",1291 Packers Alley,Boston,Massachusetts,18042,617-206-7017,3,4/22/2024
120,"Weber, Lind and Conroy",64068 Reinke Lane,Salt Lake City,Utah,19103,801-115-5200,5,3/16/2024
121,Stracke-Cassin,40 Dovetail Trail,New York City,New York,20036,212-833-5281,2,11/28/2024
122,Cartwright LLC,8 Rusk Place,Jacksonville,Florida,21201,904-329-0309,2,8/7/2024
123,Zieme-Cormier,72 Pleasure Park,Denver,Colorado,22202,303-729-8216,4,8/1/2024
124,Gerlach and Sons,83 Ludington Circle,Simi Valley,California,23220,805-291-7196,3,8/20/2024
125,Jast-Waelchi,8591 Ridge Oak Terrace,Houston,Texas,24060,713-947-2762,2,4/10/2024
126,"Kilback, Hettinger and McCullough",48 Bashford Avenue,West Palm Beach,Florida,25401,561-566-6256,2,11/19/2024
127,Buckridge and Sons,46330 Birchwood Hill,Birmingham,Alabama,26505,205-558-4969,2,7/25/2024
128,Keebler LLC,557 Moose Street,Milwaukee,Wisconsin,27514,414-172-7423,1,2/26/2024
129,Price-Kovacek,4388 Ronald Regan Parkway,Virginia Beach,Virginia,28601,757-332-2635,1,4/20/2024
130,"Gerlach, Klocko and Walter",0 Macpherson Circle,Warren,Michigan,29601,586-377-1530,3,5/8/2024
131,Gorczany-Konopelski,69810 Esch Place,Peoria,Arizona,30303,928-873-5474,0,11/17/2024
132,Williamson Group,2980 Portage Park,Indianapolis,Indiana,31201,317-447-8298,2,1/22/2025
133,Bins LLC,37717 Northview Street,Saint Petersburg,Florida,32301,727-593-5673,2,11/24/2024
134,"Larkin, Fisher and Gulgowski",942 Vermont Junction,Murfreesboro,Tennessee,33130,615-549-4238,5,1/31/2025
135,"Upton, Hoppe and Johnston",69 Warbler Circle,Phoenix,Arizona,34236,602-479-8807,3,4/17/2024
136,"Kihn, Schowalter and Wilderman",721 Badeau Crossing,Lexington,Kentucky,35203,859-311-4660,1,5/21/2024
137,"Lang, Kuhn and Hauck",3 Superior Hill,Oklahoma City,Oklahoma,36104,405-282-4719,3,2/7/2024
138,Swaniawski-Schaefer,922 Dahle Terrace,Anchorage,Alaska,37203,907-878-7564,3,12/29/2024
139,"Wintheiser, Rowe and Miller",70593 Judy Street,Lincoln,Nebraska,38103,402-731-7109,3,1/8/2025
140,Beatty-Gerlach,435 Mockingbird Lane,Lake Charles,Louisiana,39157,337-949-7081,5,1/23/2025
141,"Lubowitz, Friesen and Heller",9 David Road,Tampa,Florida,40202,813-515-2800,3,2/4/2025
142,Kuhic-Klein,82983 Fair Oaks Place,Denver,Colorado,41071,303-604-2031,2,9/8/2024
143,Goyette-Johnston,0 Packers Road,Milwaukee,Wisconsin,42101,414-216-4930,5,8/27/2024
144,Sipes-Fahey,34774 Meadow Vale Junction,Roanoke,Virginia,43215,540-727-4829,1,10/7/2024
145,Connelly-Murazik,4906 Pearson Alley,Clearwater,Florida,44114,727-652-7946,5,10/27/2024
146,Heaney-Von,747 Barby Street,Charleston,West Virginia,45056,304-229-0829,2,12/14/2024
147,Douglas-McLaughlin,938 3rd Center,Sacramento,California,46204,916-554-3484,5,8/11/2024
148,"VonRueden, Lueilwitz and Muller",5 Maryland Avenue,Santa Monica,California,47906,818-915-6496,1,8/14/2024
149,Bergstrom-Senger,51 Green Ridge Hill,Appleton,Wisconsin,48912,920-668-0266,3,10/31/2024
150,Kuhlman-Cormier,6113 Shasta Pass,Memphis,Tennessee,50014,901-599-8497,1,12/5/2024
151,"Ratke, Ziemann and Borer",36903 Red Cloud Avenue,Chicago,Illinois,51101,312-839-4811,0,1/8/2025
152,Hermann-Harris,075 Alpine Crossing,Tampa,Florida,52242,813-107-7067,1,7/9/2024
153,Bruen-Sporer,11 Pennsylvania Point,Rochester,Minnesota,53202,507-630-6916,2,9/22/2024
154,Jacobs LLC,950 Maryland Center,Honolulu,Hawaii,54303,808-219-3386,2,5/13/2024
155,Jerde-Heidenreich,2636 Hoard Avenue,Indianapolis,Indiana,55101,317-375-1998,3,9/12/2024
156,"Larkin, Schumm and Parker",357 Columbus Avenue,Topeka,Kansas,56007,785-196-4407,2,8/9/2024
157,"Watsica, Denesik and Kozey",753 Mcguire Pass,Green Bay,Wisconsin,57104,920-482-2052,0,7/17/2024
158,Olson-Hansen,45 Dexter Circle,Saint Louis,Missouri,58078,314-682-8594,0,11/8/2024
159,"McDermott, Halvorson and Heathcote",5 Stephen Hill,Seattle,Washington,59101,206-948-0296,1,8/15/2024
160,Bradtke-Schuppe,2 Twin Pines Crossing,Madison,Wisconsin,60601,608-539-9067,0,9/23/2024
161,"Huel, Kozey and Zulauf",68685 Meadow Vale Hill,Boise,Idaho,61820,208-796-8359,4,10/25/2024
162,"O'Connell, Hansen and Nolan",102 Declaration Lane,Houston,Texas,63101,713-456-0957,0,6/6/2024
163,Larson and Sons,418 Lukken Point,Columbus,Ohio,64105,614-893-9955,2,5/17/2024
164,"Barton, Heaney and Schaefer",98276 Mallard Crossing,Springfield,Illinois,65101,217-454-2234,1,3/4/2024
165,Kilback LLC,80365 Hollow Ridge Center,Brea,California,66044,714-726-9264,4,2/2/2025
166,Beer Inc,5320 Dunning Park,Miami,Florida,67202,786-486-6361,1,1/14/2025
167,Fahey-Crist,22267 Southridge Place,Fort Wayne,Indiana,68106,260-461-9154,5,12/29/2024
168,Paucek Inc,58 Harper Court,Des Moines,Iowa,69361,515-135-3728,3,5/18/2024
169,"Ebert, Becker and Larson",3 Mayer Drive,San Bernardino,California,70130,909-262-6373,0,9/15/2024
170,"Friesen, Mosciski and Reichel",64 Gerald Circle,Inglewood,California,71201,310-594-8916,0,8/1/2024
171,Howell and Sons,7 Oxford Place,Fort Worth,Texas,72201,817-197-8617,4,10/28/2024
172,Lehner-McLaughlin,08 Reinke Place,Salt Lake City,Utah,73102,801-756-3631,0,2/19/2024
173,Abernathy Group,05 Pankratz Point,Reno,Nevada,74103,775-317-8029,4,8/29/2024
174,"Heidenreich, Hessel and Kohler",2 Lighthouse Bay Lane,Chicago,Illinois,75080,312-240-7892,5,12/1/2024
175,"Pacocha, Willms and Stracke",0 Declaration Plaza,Washington,District of Columbia,76011,202-858-7815,5,9/8/2024
176,"Torp, Robel and Connelly",479 Thompson Terrace,Santa Cruz,California,77002,831-926-3447,5,7/5/2024
177,Conroy Group,2042 Bluestem Avenue,Columbia,South Carolina,78205,803-781-5126,2,5/15/2024
178,Boyer-Kling,827 Chive Point,Fort Wayne,Indiana,79109,260-495-3045,5,7/4/2024
179,"Torp, Schulist and Considine",63 Columbus Way,Wilkes Barre,Pennsylvania,80202,570-172-9984,4,7/4/2024
180,Larkin and Sons,300 Pawling Point,Saint Louis,Missouri,81501,314-782-6807,5,9/6/2024
181,Turner-Armstrong,00165 Florence Place,Green Bay,Wisconsin,82070,920-339-3946,0,1/9/2025
182,"Sawayn, Baumbach and Kshlerin",27 Farmco Point,New Orleans,Louisiana,83301,504-149-4716,3,9/24/2024
183,"Weimann, O'Keefe and Douglas",1 Twin Pines Circle,Boston,Massachusetts,84111,857-273-6035,5,2/24/2024
184,"Heidenreich, Weimann and Hoeger",09 Linden Hill,Memphis,Tennessee,85004,901-988-4334,1,3/20/2024
185,Macejkovic LLC,9435 Vera Center,Grand Rapids,Michigan,86045,616-759-1548,0,4/22/2024
186,Wilderman-Daugherty,9 Atwood Hill,Naples,Florida,87110,941-208-5508,1,4/3/2024
187,Koss-Veum,1276 Spaight Center,Des Moines,Iowa,88201,515-217-8906,2,6/6/2024
188,Hamill-Rutherford,17258 Nobel Hill,Baltimore,Maryland,89052,443-433-4538,0,11/30/2024
189,Von-Kohler,7 Lakeland Junction,Roanoke,Virginia,90012,540-184-2463,4,3/7/2024
190,Durgan-Lang,9 Novick Parkway,Fairbanks,Alaska,91101,907-502-6269,2,6/6/2024
191,"Renner, Walker and O'Conner",59362 Westerfield Trail,New York City,New York,92101,646-204-1925,3,10/16/2024
192,Deckow-Collier,773 Pierstorff Road,Columbus,Georgia,93101,706-568-3296,4,5/11/2024
193,"Abbott, Haley and Gutmann",7995 Lawn Way,El Paso,Texas,94103,915-728-3018,3,2/13/2024
194,Howell-Marquardt,9420 Grayhawk Avenue,Fresno,California,95014,559-850-9841,4,1/31/2025
195,Weber-Corwin,6 Emmet Way,Orange,California,96150,714-513-2814,3,7/26/2024
196,"Huel, Krajcik and Weber",307 Cottonwood Center,Bethlehem,Pennsylvania,97201,267-154-5856,3,12/13/2024
197,"Robel, Balistreri and Lubowitz",9 Melvin Point,Trenton,New Jersey,98101,609-474-1208,4,2/13/2024
198,Fadel LLC,88354 Fremont Plaza,Berkeley,California,99501,510-949-1879,2,7/13/2024
199,Ondricka LLC,16 Beilfuss Park,Honolulu,Hawaii,99929,808-770-0897,4,10/22/2024
200,Wilkinson-Greenfelder,6 Crescent Oaks Alley,Denver,Colorado,99999,303-195-8487,2,8/13/2024
